<root main_tree_to_execute="MainTree">
  <BehaviorTree ID="MainTree">
    <RecoveryNode number_of_retries="6" name="NavigateRecovery">
      <PipelineSequence name="NavigateWithReplanning">
        <RateController hz="1.0">
          <Sequence>
            <ComputePathToPose goal="{goal}" path="{path}" planner_id="GridBased"/>
            <TruncatePath distance="1.0" input_path="{path}" output_path="{truncated_path}"/>
          </Sequence>
        </RateController>
        <FollowPath path="{truncated_path}" controller_id="FollowPath"/>
      </PipelineSequence>
      <ReactiveSequence name="RecoveryActions">
        <Sequence name="RecoverySequence">
          <RoundRobin name="RecoveryFallback">
            <Sequence name="ClearLocalCostmap-Context">
              <ClearEntireCostmap service_name="local_costmap/clear_entirely_local_costmap"/>
            </Sequence>
            <Sequence name="Spin-Context">
              <Spin spin_dist="1.57" server_name="spin"/>
            </Sequence>
            <Sequence name="BackUp-Context">
              <BackUp backup_dist="0.15" backup_speed="0.025" server_name="backup"/>
            </Sequence>
            <Sequence name="Wait-Context">
              <Wait wait_duration="5" server_name="wait"/>
            </Sequence>
          </RoundRobin>
        </Sequence>
      </ReactiveSequence>
    </RecoveryNode>
  </BehaviorTree>
</root>
